Workbook

Sheet raw
A1: district_id | B1: district_name | C1: population | D1: children | E1: teens | F1: adults | G1: seniors | H1: employed_pop | I1: student_pop | J1: avg_income_usd_monthly | K1: area_acre | L1: residential_count | M1: commercial_count | N1: industrial_count | O1: office_count | P1: storage_count
A2: dc001 | B2: Downtown | C2: 4701 | D2: 103 | E2: 30 | F2: 4341 | G2: 227 | H2: 3085 | I2: 1311 | J2: 1747 | K2: 267 | L2: 148 | M2: 14 | N2: 0 | O2: 27 | P2: 0
A3: dc002 | B3: Willow Junction | C3: 1826 | D3: 34 | E3: 9 | F3: 1715 | G3: 68 | H3: 1140 | I3: 600 | J3: 1674 | K3: 189 | L3: 504 | M3: 8 | N3: 0 | O3: 23 | P3: 0
A4: dc005 | B4: Green Springs | C4: 1281 | D4: 104 | E4: 24 | F4: 1119 | G4: 34 | H4: 823 | I4: 404 | J4: 1575 | K4: 218 | L4: 479 | M4: 3 | N4: 0 | O4: 0 | P4: 0
A5: dc004 | B5: South Beach | C5: 968 | D5: 18 | E5: 5 | F5: 905 | G5: 40 | H5: 555 | I5: 361 | J5: 1869 | K5: 261 | L5: 356 | M5: 6 | N5: 0 | O5: 0 | P5: 0
A6: dc003 | B6: University | C6: 870 | D6: 152 | E6: 35 | F6: 622 | G6: 61 | H6: 397 | I6: 391 | J6: 2396 | K6: 410 | L6: 457 | M6: 26 | N6: 0 | O6: 0 | P6: 0
A7: dc007 | B7: Hillside Brook | C7: 110 | D7: 5 | E7: 1 | F7: 102 | G7: 2 | H7: 65 | I7: 40 | J7: 1937 | K7: 971 | L7: 96 | M7: 0 | N7: 0 | O7: 0 | P7: 0
A8: dc006 | B8: Eastern Heights | C8: 0 | D8: 0 | E8: 0 | F8: 0 | G8: 0 | H8: 0 | I8: 0 | J8: 0 | K8: 828 | L8: 0 | M8: 0 | N8: 92 | O8: 0 | P8: 25

Sheet data_validation
A1: district_id | B1: age_pop_total | C1: population | D1: is_correct?
A2: =raw!A2 -> dc001 | B2: =SUM(raw!D2:G2) -> 4701 | C2: =raw!C2 -> 4701 | D2: =EXACT(B2,C2) -> TRUE
A3: =raw!A3 -> dc002 | B3: =SUM(raw!D3:G3) -> 1826 | C3: =raw!C3 -> 1826 | D3: =EXACT(B3,C3) -> TRUE
A4: =raw!A4 -> dc005 | B4: =SUM(raw!D4:G4) -> 1281 | C4: =raw!C4 -> 1281 | D4: =EXACT(B4,C4) -> TRUE
A5: =raw!A5 -> dc004 | B5: =SUM(raw!D5:G5) -> 968 | C5: =raw!C5 -> 968 | D5: =EXACT(B5,C5) -> TRUE
A6: =raw!A6 -> dc003 | B6: =SUM(raw!D6:G6) -> 870 | C6: =raw!C6 -> 870 | D6: =EXACT(B6,C6) -> TRUE
A7: =raw!A7 -> dc007 | B7: =SUM(raw!D7:G7) -> 110 | C7: =raw!C7 -> 110 | D7: =EXACT(B7,C7) -> TRUE
A8: =raw!A8 -> dc006 | B8: =SUM(raw!D8:G8) -> 0 | C8: =raw!C8 -> 0 | D8: =EXACT(B8,C8) -> TRUE
